@@,name
---,Shawn Edward
---,Sarah Flood-Beaubrun
---,Philip Pierre
---,Moses Jean Baptiste
---,Kenny Anthony
---,Herold Stanislas
---,Guy Joseph
---,Gale Rigobert
---,Dominic Fedee
---,Bradley Felix
---,Alva Baptiste
---,Allen Chastanet
+++,Shawn Andrey Edward
+++,Sarah Flood Beaubrun
+++,Phillip J. Pierre
+++,Moses Jn Baptiste
+++,John Bradley Felix
+++,Herold A. Stanislas
+++,Guy Eardley Joseph
+++,Dr. Kenny D. Anthony
+++,Dr. Gale T C Rigobert
+++,Dominic Francis Fedee
+++,Alva R. Baptiste
+++,Allen M. Chastanet
